<?xml version="1.0" encoding="UTF-8" standalone="yes"?>
<window>
    <defaultcontrol>100</defaultcontrol>
    <coordinates>
        <system>1</system>
        <posx>0</posx>
        <posy>0</posy>
    </coordinates>
    <backgroundcolor>0xff111111</backgroundcolor>
    <controls>
        <control type="group">
            <control type="image">
                <posx>0</posx>
                <posy>0</posy>
                <width>1920</width>
                <height>1080</height>
                <texture>plugin.video.flixnetconnect/home/background-fallback.png</texture>
            </control>
            <control type="image">
                <posx>0</posx>
                <posy>0</posy>
                <width>1920</width>
                <height>1080</height>
                <fadetime>1000</fadetime>
                <texture  background="true">$INFO[Window.Property(background)]</texture>
            </control>
        </control>

        <control type="group" id="50">
            <posx>0</posx>
            <posy>135</posy>
            <defaultcontrol>101</defaultcontrol>

            <control type="grouplist" id="300">
                <animation effect="fade" start="0" end="100" time="200" reversible="true">VisibleChange</animation>
                <defaultcontrol>301</defaultcontrol>
                <posx>594</posx>
                <posy>418</posy>
                <width>600</width>
                <height>145</height>
                <onup>200</onup>
                <ondown>101</ondown>
                <itemgap>-50</itemgap>
                <orientation>horizontal</orientation>
                <align>center</align>
                <scrolltime tween="quadratic" easing="out">200</scrolltime>
                <usecontrolcoords>true</usecontrolcoords>
                <control type="button" id="301">
                    <animation effect="zoom" start="100" end="120" time="100" center="87,69.5" reversible="false">Focus</animation>
                    <animation effect="zoom" start="120" end="100" time="100" center="87,69.5" reversible="false">UnFocus</animation>
                    <hitrect x="40" y="40" w="94" h="59" />
                    <posx>0</posx>
                    <posy>0</posy>
                    <width>174</width>
                    <height>139</height>
                    <font>font12</font>
                    <texturefocus colordiffuse="FF7a0002">plugin.video.flixnetconnect/buttons/info-focus.png</texturefocus>
                    <texturenofocus colordiffuse="99FFFFFF">plugin.video.flixnetconnect/buttons/info.png</texturenofocus>
                    <label> </label>
                </control>
                <control type="button" id="302">
                    <animation effect="zoom" start="100" end="120" time="100" center="87,69.5" reversible="false">Focus</animation>
                    <animation effect="zoom" start="120" end="100" time="100" center="87,69.5" reversible="false">UnFocus</animation>
                    <hitrect x="40" y="40" w="94" h="59" />
                    <posx>0</posx>
                    <posy>0</posy>
                    <width>174</width>
                    <height>139</height>
                    <font>font12</font>
                    <texturefocus colordiffuse="FF7a0002">plugin.video.flixnetconnect/buttons/play-focus.png</texturefocus>
                    <texturenofocus colordiffuse="99FFFFFF">plugin.video.flixnetconnect/buttons/play.png</texturenofocus>
                    <label> </label>
                </control>
                <control type="button" id="303">
                    <animation effect="zoom" start="100" end="120" time="100" center="87,69.5" reversible="false">Focus</animation>
                    <animation effect="zoom" start="120" end="100" time="100" center="87,69.5" reversible="false">UnFocus</animation>
                    <hitrect x="40" y="40" w="94" h="59" />
                    <posx>0</posx>
                    <posy>0</posy>
                    <width>174</width>
                    <height>139</height>
                    <font>font12</font>
                    <texturefocus colordiffuse="FF7a0002">plugin.video.flixnetconnect/buttons/shuffle-focus.png</texturefocus>
                    <texturenofocus colordiffuse="99FFFFFF">plugin.video.flixnetconnect/buttons/shuffle.png</texturenofocus>
                    <label> </label>
                </control>
                <control type="button" id="304">
                    <animation effect="zoom" start="100" end="120" time="100" center="87,69.5" reversible="false">Focus</animation>
                    <animation effect="zoom" start="120" end="100" time="100" center="87,69.5" reversible="false">UnFocus</animation>
                    <hitrect x="40" y="40" w="94" h="59" />
                    <posx>0</posx>
                    <posy>0</posy>
                    <width>174</width>
                    <height>139</height>
                    <font>font12</font>
                    <texturefocus colordiffuse="FF7a0002">plugin.video.flixnetconnect/buttons/more-focus.png</texturefocus>
                    <texturenofocus colordiffuse="99FFFFFF">plugin.video.flixnetconnect/buttons/more.png</texturenofocus>
                    <label> </label>
                </control>
            </control>

            <control type="group">
                <posx>60</posx>
                <posy>0</posy>
                <width>1920</width>
                <height>200</height>
                <control type="image">
                    <posx>0</posx>
                    <posy>0</posy>
                    <width>519</width>
                    <height>519</height>
                    <texture background="true" fallback="plugin.video.flixnetconnect/thumb_fallbacks/music.png">$INFO[Window.Property(thumb)]</texture>
                    <aspectratio>scale</aspectratio>
                </control>
                <control type="label">
                    <posx>579</posx>
                    <posy>5</posy>
                    <width>1190</width>
                    <height>40</height>
                    <font>font16</font>
                    <align>left</align>
                    <aligny>center</aligny>
                    <textcolor>FFFFFFFF</textcolor>
                    <label>$INFO[Window.Property(artist.title)]</label>
                </control>
                <control type="label">
                    <posx>579</posx>
                    <posy>55</posy>
                    <width>1190</width>
                    <height>40</height>
                    <font>font13</font>
                    <align>left</align>
                    <aligny>center</aligny>
                    <textcolor>FFDDDDDD</textcolor>
                    <label>$INFO[Window.Property(artist.genre)]</label>
                </control>
                <control type="textbox">
                    <posx>579</posx>
                    <posy>158</posy>
                    <width>1221</width>
                    <height>250</height>
                    <font>font13</font>
                    <align>left</align>
                    <textcolor>FFDDDDDD</textcolor>
                    <label>$INFO[Window.Property(summary)]</label>
                    <pagecontrol>152</pagecontrol>
                </control>
            </control>

            <control type="group" id="100">
                <visible>Integer.IsGreater(Container(101).NumItems,0) + String.IsEmpty(Window.Property(drawing))</visible>
                <defaultcontrol>101</defaultcontrol>
                <posx>0</posx>
                <posy>585</posy>
                <width>1920</width>
                <height>360</height>
                <control type="image">
                    <posx>0</posx>
                    <posy>0</posy>
                    <width>1920</width>
                    <height>360</height>
                    <texture>plugin.video.flixnetconnect/white-square.png</texture>
                    <colordiffuse>20000000</colordiffuse>
                </control>
                <control type="list" id="101">
                    <posx>0</posx>
                    <posy>-20</posy>
                    <width>1920</width>
                    <height>700</height>
                    <onup>300</onup>
                    <scrolltime>200</scrolltime>
                    <orientation>horizontal</orientation>
                    <preloaditems>2</preloaditems>
                    <!-- ITEM LAYOUT ########################################## -->
                    <itemlayout width="260">
                        <control type="group">
                            <posx>60</posx>
                            <posy>60</posy>
                            <control type="group">
                                <posx>0</posx>
                                <posy>0</posy>
                                <control type="image">
                                    <posx>0</posx>
                                    <posy>0</posy>
                                    <width>215</width>
                                    <height>215</height>
                                    <texture>$INFO[ListItem.Property(thumb.fallback)]</texture>
                                </control>
                                <control type="image">
                                    <posx>0</posx>
                                    <posy>0</posy>
                                    <width>215</width>
                                    <height>215</height>
                                    <texture background="true">$INFO[ListItem.Thumb]</texture>
                                    <aspectratio>scale</aspectratio>
                                </control>
                                <control type="group">
                                    <posx>0</posx>
                                    <posy>220</posy>
                                    <control type="label">
                                        <posx>0</posx>
                                        <posy>0</posy>
                                        <width>215</width>
                                        <height>30</height>
                                        <font>font10</font>
                                        <align>center</align>
                                        <textcolor>FFFFFFFF</textcolor>
                                        <label>$INFO[ListItem.Label]</label>
                                    </control>
                                    <control type="label">
                                        <posx>0</posx>
                                        <posy>30</posy>
                                        <width>215</width>
                                        <height>30</height>
                                        <font>font10</font>
                                        <align>center</align>
                                        <textcolor>FFFFFFFF</textcolor>
                                        <label>$INFO[ListItem.Property(year)]</label>
                                    </control>
                                </control>
                            </control>
                        </control>
                    </itemlayout>

                    <!-- FOCUSED LAYOUT ####################################### -->
                    <focusedlayout width="260">
                        <control type="group">
                            <posx>60</posx>
                            <posy>60</posy>
                            <control type="group">
                                <animation effect="zoom" start="100" end="110" time="100" center="107.5,107.5" reversible="false">Focus</animation>
                                <animation effect="zoom" start="110" end="100" time="100" center="107.5,107.5" reversible="false">UnFocus</animation>
                                <control type="group">
                                    <posx>0</posx>
                                    <posy>0</posy>
                                    <control type="image">
                                        <visible>Control.HasFocus(101)</visible>
                                        <posx>-40</posx>
                                        <posy>-40</posy>
                                        <width>295</width>
                                        <height>295</height>
                                        <texture border="40">plugin.video.flixnetconnect/square-rounded-shadow.png</texture>
                                    </control>
                                    <control type="image">
                                        <posx>0</posx>
                                        <posy>0</posy>
                                        <width>215</width>
                                        <height>215</height>
                                        <texture>$INFO[ListItem.Property(thumb.fallback)]</texture>
                                    </control>
                                    <control type="image">
                                        <posx>0</posx>
                                        <posy>0</posy>
                                        <width>215</width>
                                        <height>215</height>
                                        <texture background="true">$INFO[ListItem.Thumb]</texture>
                                        <aspectratio>scale</aspectratio>
                                    </control>
                                    <control type="group">
                                        <posx>0</posx>
                                        <posy>220</posy>
                                        <control type="label">
                                            <scroll>false</scroll>
                                            <posx>0</posx>
                                            <posy>0</posy>
                                            <width>215</width>
                                            <height>30</height>
                                            <font>font10</font>
                                            <align>center</align>
                                            <textcolor>FFFFFFFF</textcolor>
                                            <label>$INFO[ListItem.Label]</label>
                                        </control>
                                        <control type="label">
                                            <posx>0</posx>
                                            <posy>30</posy>
                                            <width>215</width>
                                            <height>30</height>
                                            <font>font10</font>
                                            <align>center</align>
                                            <textcolor>FFFFFFFF</textcolor>
                                            <label>$INFO[ListItem.Property(year)]</label>
                                        </control>
                                    </control>
                                </control>
                                <control type="image">
                                    <visible>Control.HasFocus(101)</visible>
                                    <posx>-5</posx>
                                    <posy>-5</posy>
                                    <width>225</width>
                                    <height>225</height>
                                    <texture border="10">plugin.video.flixnetconnect/home/selected.png</texture>
                                </control>
                            </control>
                        </control>
                    </focusedlayout>
                </control>
            </control>
        </control>


        <control type="group" id="200">
            <defaultcontrol always="true">201</defaultcontrol>
            <posx>0</posx>
            <posy>0</posy>
            <width>1920</width>
            <height>135</height>
            <control type="image">
                <animation effect="fade" start="0" end="100" time="200" tween="quadratic" easing="out" reversible="true">VisibleChange</animation>
                <visible>ControlGroup(200).HasFocus(0) + false</visible>
                <posx>0</posx>
                <posy>0</posy>
                <width>1920</width>
                <height>135</height>
                <texture>plugin.video.flixnetconnect/white-square.png</texture>
                <colordiffuse>C0000000</colordiffuse>
            </control>
            <control type="grouplist">
                <posx>60</posx>
                <posy>47.5</posy>
                <width>1000</width>
                <height>40</height>
                <align>left</align>
                <itemgap>60</itemgap>
                <orientation>horizontal</orientation>
                <ondown>50</ondown>
                <control type="group">
                    <width>40</width>
                    <height>40</height>
                    <control type="button" id="201">
                        <animation effect="zoom" start="100" end="177" time="100" center="20,20" reversible="false">Focus</animation>
                        <animation effect="zoom" start="177" end="100" time="100" center="20,20" reversible="false">UnFocus</animation>
                        <width>40</width>
                        <height>40</height>
                        <onright>202</onright>
                        <ondown>50</ondown>
                        <font>font12</font>
                        <focusedcolor>FF000000</focusedcolor>
                        <texturefocus colordiffuse="FF7a0002">plugin.video.flixnetconnect/buttons/home-focus.png</texturefocus>
                        <texturenofocus colordiffuse="99FFFFFF">plugin.video.flixnetconnect/buttons/home.png</texturenofocus>
                        <label> </label>
                    </control>
                </control>
                <!-- <control type="label">
                    <width max="500">auto</width>
                    <height>40</height>
                    <font>font12</font>
                    <align>left</align>
                    <aligny>center</aligny>
                    <textcolor>FFFFFFFF</textcolor>
                    <label>[UPPERCASE][/UPPERCASE]</label>
                </control> -->
                <control type="group">
                    <width>40</width>
                    <height>40</height>
                    <control type="button" id="202">
                        <animation effect="zoom" start="100" end="177" time="100" center="20,20" reversible="false">Focus</animation>
                        <animation effect="zoom" start="177" end="100" time="100" center="20,20" reversible="false">UnFocus</animation>
                        <width>40</width>
                        <height>40</height>
                        <onright>204</onright>
                        <onleft>201</onleft>
                        <ondown>50</ondown>
                        <font>font12</font>
                        <focusedcolor>FF000000</focusedcolor>
                        <texturefocus colordiffuse="FF7a0002">plugin.video.flixnetconnect/buttons/search-focus.png</texturefocus>
                        <texturenofocus colordiffuse="99FFFFFF">plugin.video.flixnetconnect/buttons/search.png</texturenofocus>
                        <label> </label>
                    </control>
                </control>
            </control>
            <control type="group">
                <visible>Player.HasAudio</visible>
                <posx>438</posx>
                <posy>0</posy>
                <control type="button" id="204">
                    <visible>Player.HasAudio</visible>
                    <posx>-10</posx>
                    <posy>38</posy>
                    <width>260</width>
                    <height>75</height>
                    <onleft>202</onleft>
                    <ondown>50</ondown>
                    <font>font12</font>
                    <textcolor>FFFFFFFF</textcolor>
                    <focusedcolor>FF000000</focusedcolor>
                    <align>right</align>
                    <aligny>center</aligny>
                    <texturefocus colordiffuse="FF7a0002" border="10">plugin.video.flixnetconnect/white-square-rounded.png</texturefocus>
                    <texturenofocus>-</texturenofocus>
                    <textoffsetx>100</textoffsetx>
                    <textoffsety>0</textoffsety>
                    <label> </label>
                </control>
                <control type="image">
                    <posx>0</posx>
                    <posy>48</posy>
                    <width>42</width>
                    <height>42</height>
                    <texture>$INFO[Player.Art(thumb)]</texture>
                </control>

                <control type="group">
                    <visible>!Control.HasFocus(204)</visible>
                    <control type="label">
                        <posx>53</posx>
                        <posy>48</posy>
                        <width>187</width>
                        <height>20</height>
                        <font>font10</font>
                        <align>left</align>
                        <aligny>center</aligny>
                        <textcolor>FFFFFFFF</textcolor>
                        <info>MusicPlayer.Artist</info>
                    </control>
                    <control type="label">
                        <posx>53</posx>
                        <posy>72</posy>
                        <width>187</width>
                        <height>20</height>
                        <font>font10</font>
                        <align>left</align>
                        <aligny>center</aligny>
                        <textcolor>FFFFFFFF</textcolor>
                        <info>MusicPlayer.Title</info>
                    </control>
                </control>
                <control type="group">
                    <visible>Control.HasFocus(204)</visible>
                    <control type="label">
                        <posx>53</posx>
                        <posy>48</posy>
                        <width>187</width>
                        <height>20</height>
                        <font>font10</font>
                        <align>left</align>
                        <aligny>center</aligny>
                        <textcolor>FF000000</textcolor>
                        <info>MusicPlayer.Artist</info>
                    </control>
                    <control type="label">
                        <posx>53</posx>
                        <posy>72</posy>
                        <width>187</width>
                        <height>20</height>
                        <font>font10</font>
                        <align>left</align>
                        <aligny>center</aligny>
                        <textcolor>FF000000</textcolor>
                        <info>MusicPlayer.Title</info>
                    </control>
                </control>

                <control type="progress">
                    <description>Progressbar</description>
                    <posx>0</posx>
                    <posy>102</posy>
                    <width>240</width>
                    <height>1</height>
                    <texturebg colordiffuse="9AFFFFFF">plugin.video.flixnetconnect/white-square-1px.png</texturebg>
                    <lefttexture>-</lefttexture>
                    <midtexture colordiffuse="FFCC7B19">plugin.video.flixnetconnect/white-square-1px.png</midtexture>
                    <righttexture>-</righttexture>
                    <overlaytexture>-</overlaytexture>
                    <info>Player.Progress</info>
                </control>
            </control>
            <control type="label">
                <right>213</right>
                <posy>35</posy>
                <width>200</width>
                <height>65</height>
                <font>font12</font>
                <align>right</align>
                <aligny>center</aligny>
                <textcolor>FFFFFFFF</textcolor>
                <label>$INFO[System.Time]</label>
            </control>
            <control type="image">
                <posx>153r</posx>
                <posy>54</posy>
                <width>93</width>
                <height>30</height>
                <texture>plugin.video.flixnetconnect/home/plex.png</texture>
            </control>
        </control>

        <control type="group">
            <visible>!String.IsEmpty(Window.Property(search.dialog))</visible>
            <control type="group" >
                <visible>!String.IsEmpty(Window.Property(search.dialog.hasresults))</visible>
                <control type="image">
                    <posx>0</posx>
                    <posy>0</posy>
                    <width>1920</width>
                    <height>1080</height>
                    <texture>plugin.video.flixnetconnect/home/background-fallback.png</texture>
                </control>
                <control type="image">
                    <posx>0</posx>
                    <posy>0</posy>
                    <width>1920</width>
                    <height>1080</height>
                    <texture background="true">$INFO[Window.Property(background)]</texture>
                </control>
            </control>
            <control type="image">
                <posx>0</posx>
                <posy>0</posy>
                <width>1920</width>
                <height>1080</height>
                <texture colordiffuse="99606060">plugin.video.flixnetconnect/white-square.png</texture>
            </control>
        </control>

    </controls>
</window>
