<?xml version="1.0" encoding="UTF-8" standalone="yes"?>
<addon id="repository.globalscrapers" name="[COLOR blue]Global-Scrapers-Repo[/COLOR]" version="1.0.0" provider-name="Solid_Snake">
	<extension point="xbmc.addon.repository" name="Global-Scrapers-Repo">
	    <dir>
		    <info compressed="false">https://raw.githubusercontent.com/Dr-Know99/Global-Scrapers-Repo/master/zips/addons.xml</info>
		    <checksum>https://raw.githubusercontent.com/Dr-Know99/Global-Scrapers-Repo/master/zips/addons.xml.md5</checksum>
		    <datadir zip="true">https://raw.githubusercontent.com/Dr-Know99/Global-Scrapers-Repo/master/zips</datadir>
        </dir>
		<dir>
		    <info compressed="false">https://raw.githubusercontent.com/teamuniversal/scrapers/master/_modules4all/zips/addons.xml</info>
			<checksum>https://raw.githubusercontent.com/teamuniversal/scrapers/master/_modules4all/zips/addons.xml.md5</checksum>
			<datadir zip="true">https://raw.githubusercontent.com/teamuniversal/scrapers/master/_modules4all/zips/</datadir>
        </dir>
		<dir>
		    <info compressed="false">https://raw.githubusercontent.com/jsergio123/zips/master/addons.xml</info>
            <checksum>https://raw.githubusercontent.com/jsergio123/zips/master/addons.xml.md5</checksum>
            <datadir zip="true">https://raw.githubusercontent.com/jsergio123/zips/master/</datadir>
		</dir>	
		<dir>
		    <info compressed="false">https://github.com/tvaddonsco/tva-resolvers-repo/raw/master/addons.xml</info>
		    <checksum>https://github.com/tvaddonsco/tva-resolvers-repo/raw/master/addons.xml.md5</checksum>
		    <datadir zip="true">https://github.com/tvaddonsco/tva-resolvers-repo/raw/master/zips/</datadir>
        </dir>
	</extension>	
	<extension point="xbmc.addon.metadata">
		<summary>Global-Scrapers-Repo</summary>
		<description>Global-Scrapers-Repo</description>
		<platform>all</platform>
	</extension>
</addon>

