<?xml version="1.0" encoding="UTF-8" standalone="yes"?>
<addon id="script.module.metalgear.zero" name="metalgear_zero Module" version="2.1.0" provider-name="Solid_Snake">
	<requires>
		<import addon="xbmc.python" version="2.1.0" />
		<import addon="script.module.beautifulsoup4"/>
		<import addon="script.module.simplejson"/>
		<import addon="script.module.globalscrapers"/>
	</requires>
	<extension point="xbmc.python.module" library="lib" />
	<extension point="xbmc.addon.metadata">
		<platform>all</platform>
		<summary lang="en">metalgear_zero</summary>
	</extension>
</addon>
