<?xml version="1.0" encoding="UTF-8" standalone="yes"?>
<addon id="script.module.resistance" name="[COLOR skyblue]Resistance MODULE[/COLOR]" version="5.5.5.7.8" provider-name="Lockdown">
    <requires>
        <import addon="xbmc.python" version="2.1.0" />
        <import addon="script.module.beautifulsoup4"/>
    </requires>
    <extension point="xbmc.python.module" library="lib" />
    <extension point="xbmc.addon.metadata">
        <platform>all</platform>
        <summary lang="en">Resistance Module</summary>
        <assets>
          <icon>icon.png</icon>
        </assets>       
    </extension>
</addon>