<?xml version="1.0" encoding="UTF-8" standalone="yes"?>
<addon id="script.resistance.metadata" version="2.0.1.1" name="[COLOR skyblue]Resistance METADATA[/COLOR]" provider-name="Resistance">
    <requires>
        <import addon="xbmc.python" version="2.19.0"/>
    </requires>
    <extension point="xbmc.python.module" library="lib" />
    <extension point="xbmc.addon.metadata">
        <summary>Resistance</summary>
        <description></description>
        <platform>all</platform>
    </extension>
</addon>
