<?xml version="1.0" encoding="UTF-8" standalone="yes"?>
<addon id="plugin.program.metalgear.advanced" name="metalgear advanced wizard" version="6.7.6" provider-name="metalgear">
  <requires>
    <import addon="xbmc.python" version="2.1.0"/>
  </requires>
  <extension point="xbmc.python.pluginsource" library="default.py">
    <provides>executable</provides>
  </extension>
  <extension point="xbmc.service" library="startup.py" start="startup" />
  <extension point="xbmc.addon.metadata">
    <summary lang="en">metalgear wizard</summary>
    <description lang="en">metalgear Wizard allows you to get access to the latest Custom Builds.</description>
    <platform>all</platform>
  </extension>
</addon>