<?xml version="1.0" encoding="UTF-8" standalone="yes"?>
<addon id="plugin.browse.git" version="1.0.0" name="Browse Git" author="jollyrodger">
    <requires>
        <import addon="xbmc.python" version="2.1.0"/>
        <import addon="script.module.requests" />
        <import addon="script.module.myconnpy" option="true"/>
    </requires>
    <extension point="xbmc.python.pluginsource" library="addon.py">
        <provides>executable</provides>
    </extension>
    <extension point="xbmc.service" library="service.py" start="startup"/>
    <extension point="xbmc.addon.metadata">
        <summary lang="en">Install Media Centre Addons directly from GitHub</summary>
        <description lang="en">Browse Git for Media Centre..</description>
        <disclaimer lang="en"></disclaimer>
        <language>en</language>
        <platform>all</platform>
        <forum>https://</forum>
        <website>https://</website>
    </extension>
</addon>
