<?xml version="1.0" encoding="UTF-8" standalone="yes"?>
<addon id="script.artwork.beef" name="Artwork Beef" version="0.23.2" provider-name="rmrector">
	<requires>
		<import addon="xbmc.python" version="2.19.0" />
		<import addon="xbmc.json" version="6.20.0" />
		<import addon="script.module.simplejson" version="3.3.0" />
		<import addon="script.module.requests" version="2.9.1" />
		<import addon="script.common.plugin.cache" version="2.5.8" />
	</requires>
	<extension point="xbmc.python.script" library="default.py">
		<provides>executable</provides>
	</extension>
	<extension point="kodi.context.item">
		<menu id="kodi.core.main">
			<menu id="kodi.core.manage">
				<item library="context.py">
					<label>AB: $ADDON[script.artwork.beef 32410]</label>
					<visible>!Skin.HasSetting(disablecontext:script.artwork.beef) + [StringCompare(ListItem.DBTYPE, movie) | StringCompare(ListItem.DBTYPE, set) | StringCompare(ListItem.DBTYPE, tvshow) | StringCompare(ListItem.DBTYPE, episode) | StringCompare(ListItem.DBTYPE, musicvideo) | String.IsEqual(ListItem.DBTYPE, movie) | String.IsEqual(ListItem.DBTYPE, set) | String.IsEqual(ListItem.DBTYPE, tvshow) | String.IsEqual(ListItem.DBTYPE, episode) | String.IsEqual(ListItem.DBTYPE, musicvideo)]</visible>
				</item>
				<item library="context_gui.py">
					<label>AB: $ADDON[script.artwork.beef 32411]</label>
					<visible>!Skin.HasSetting(disablecontext:script.artwork.beef) + [StringCompare(ListItem.DBTYPE, movie) | StringCompare(ListItem.DBTYPE, set) | StringCompare(ListItem.DBTYPE, tvshow) | StringCompare(ListItem.DBTYPE, episode) | StringCompare(ListItem.DBTYPE, musicvideo) | String.IsEqual(ListItem.DBTYPE, movie) | String.IsEqual(ListItem.DBTYPE, set) | String.IsEqual(ListItem.DBTYPE, tvshow) | String.IsEqual(ListItem.DBTYPE, episode) | String.IsEqual(ListItem.DBTYPE, musicvideo)]</visible>
				</item>
				<item library="context_debug_remove.py">
					<label>AB: $ADDON[script.artwork.beef 32427]</label>
					<visible>Skin.HasSetting(enablecontext:script.artwork.beef.debug) + [StringCompare(ListItem.DBTYPE, movie) | StringCompare(ListItem.DBTYPE, set) | StringCompare(ListItem.DBTYPE, tvshow) | StringCompare(ListItem.DBTYPE, episode) | StringCompare(ListItem.DBTYPE, musicvideo) | StringCompare(ListItem.DBTYPE, season) | String.IsEqual(ListItem.DBTYPE, movie) | String.IsEqual(ListItem.DBTYPE, set) | String.IsEqual(ListItem.DBTYPE, tvshow) | String.IsEqual(ListItem.DBTYPE, episode) | String.IsEqual(ListItem.DBTYPE, musicvideo) | StringCompare(ListItem.DBTYPE, season)]</visible>
				</item>
				<item library="context_debug_logitem.py">
					<label>AB: $ADDON[script.artwork.beef 32430]</label>
					<visible>Skin.HasSetting(enablecontext:script.artwork.beef.debug) + [StringCompare(ListItem.DBTYPE, movie) | StringCompare(ListItem.DBTYPE, set) | StringCompare(ListItem.DBTYPE, tvshow) | StringCompare(ListItem.DBTYPE, episode) | StringCompare(ListItem.DBTYPE, musicvideo) | String.IsEqual(ListItem.DBTYPE, movie) | String.IsEqual(ListItem.DBTYPE, set) | String.IsEqual(ListItem.DBTYPE, tvshow) | String.IsEqual(ListItem.DBTYPE, episode) | String.IsEqual(ListItem.DBTYPE, musicvideo)]</visible>
				</item>
			</menu>
			<item library="context.py">
				<label>AB: $ADDON[script.artwork.beef 32410]</label>
				<visible>!Skin.HasSetting(disablecontext:script.artwork.beef) + [String.StartsWith(System.BuildVersion,18) | String.StartsWith(System.BuildVersion,19)] + [String.IsEqual(ListItem.DBTYPE, artist) | String.IsEqual(ListItem.DBTYPE, album) | String.IsEqual(ListItem.DBTYPE, song)]</visible>
			</item>
			<item library="context_gui.py">
				<label>AB: $ADDON[script.artwork.beef 32411]</label>
				<visible>!Skin.HasSetting(disablecontext:script.artwork.beef) + [String.StartsWith(System.BuildVersion,18) | String.StartsWith(System.BuildVersion,19)] + [String.IsEqual(ListItem.DBTYPE, artist) | String.IsEqual(ListItem.DBTYPE, album) | String.IsEqual(ListItem.DBTYPE, song)]</visible>
			</item>
			<item library="context_debug_remove.py">
				<label>AB: $ADDON[script.artwork.beef 32427]</label>
				<visible>Skin.HasSetting(enablecontext:script.artwork.beef.debug) + [String.StartsWith(System.BuildVersion,18) | String.StartsWith(System.BuildVersion,19)] + [String.IsEqual(ListItem.DBTYPE, artist) | String.IsEqual(ListItem.DBTYPE, album) | String.IsEqual(ListItem.DBTYPE, song)]</visible>
			</item>
			<item library="context_debug_logitem.py">
				<label>AB: $ADDON[script.artwork.beef 32430]</label>
				<visible>Skin.HasSetting(enablecontext:script.artwork.beef.debug) + [String.StartsWith(System.BuildVersion,18) | String.StartsWith(System.BuildVersion,19)] + [String.IsEqual(ListItem.DBTYPE, artist) | String.IsEqual(ListItem.DBTYPE, album) | String.IsEqual(ListItem.DBTYPE, song)]</visible>
			</item>
		</menu>
	</extension>
	<extension point="xbmc.service" start="login" library="service.py" />
	<extension point="xbmc.addon.metadata">
		<summary lang="en">Automatically adds extra artwork for your media.</summary>
		<description lang="en">Artwork Beef automatically adds extra artwork for TV shows and movies into your library. It grabs them from wonderful web services and the file system.</description>
		<disclaimer lang="en">Artwork sources: fanart.tv, TheTVDB.com, The Movie Database, TheAudioDB</disclaimer>
		<summary lang="es">Agrega automáticamente ilustraciones adicionales para sus medios.</summary>
		<description lang="es">Artwork Beef agrega automáticamente ilustraciones adicionales para Series TV y Películas a su biblioteca. Las ilustraciones son agregadas desde Servicios web y el Sistema de archivos local.</description>
		<disclaimer lang="es">Fuente para ilustraciones: fanart.tv, TheTVDB.com, The Movie Database, TheAudioDB</disclaimer>
		<news>
v0.23.2 (2019-03-11)
- Fix: limit image downloads on consistent web service errors
- Fix: don't hide "extrafanart" folder settings

v0.23.1 (2018-12-02)
- Fix: Remove generated thumb from Kodi texture cache when removing art
- Fix: show actual message for "remote control" is required to pre-cache artwork

v0.23.0 (2018-11-17)
- Feature: save configured artwork to Kodi's whitelist in advancedsettings.xml
- Feature: cleaning remote URLs to artwork is optional
- Feature: automatically adding keyart from TMDB is optional
- Feature: action to update local artwork only for all media items
- Fix: better handle non-UTF8 file paths
- Fix: warn that "remote control" is required to pre-cache artwork
		</news>
		<source>https://github.com/rmrector/script.artwork.beef</source>
		<forum>https://forum.kodi.tv/showthread.php?tid=258886</forum>
		<website>https://rmrector.github.io/script.artwork.beef/</website>
		<license>The MIT License</license>
		<platform>all</platform>
		<assets>
			<icon>icon.png</icon>
		</assets>
		<language />
		<email />
	</extension>
</addon>
