<?xml version="1.0" encoding="UTF-8" standalone="yes"?>
<addon id="plugin.video.metalgear.zero" version="1.0" name="metalgear_zero" provider-name="Solid_Snake">
	<requires>
		<import addon="xbmc.python" version="2.19.0" />
		<import addon="script.module.metalgear.zero" />
		<import addon="script.metalgear.zero.artwork" />
		<import addon="script.metalgear.zero.metadata" />
		<import addon="script.module.resolveurl" />
		<import addon="script.module.requests" />
		<import addon="script.module.metahandler" version="1.0.0" />
	</requires>
	<extension point="xbmc.python.pluginsource" library="metalgear_zero.py">
		<provides>video</provides>
	</extension>
	<extension point="xbmc.service" library="service.py" start="startup" />
	<extension point="xbmc.addon.metadata">
		<summary lang="en">metalgear_zero</summary>
		<description lang="en">metalgear_zero</description>
		<platform>all</platform>
		<license>GNU GENERAL PUBLIC LICENSE. Version 3, 29 June 2007</license>
		<forum></forum>
		<website></website>
		<source></source>
		<disclaimer lang="en">The author of this addon do not host any of the content which is found and have no affiliation with any of the content providers. This addon simply searches websites for content. Use at your own risk!</disclaimer>
		<assets>
			<icon>icon.png</icon>
			<fanart>fanart.jpg</fanart>
		</assets>
		<news>
		</news>
	</extension>
</addon>
