<?xml version="1.0" encoding="UTF-8" standalone="yes"?>
<addon id="repository.goldengun" name="[COLOR yellow]goldengun[/COLOR]" version="9.1.2" provider-name="goldengun">
	<extension point="xbmc.addon.repository" name="goldengun">
	    <dir>
		    <info compressed="false">https://raw.githubusercontent.com/Goldengunrepo/install/master/goldengun/zips/addons.xml</info>
		    <checksum>https://raw.githubusercontent.com/Goldengunrepo/install/master/goldengun/zips/addons.xml.md5</checksum>
		    <datadir zip="true">https://raw.githubusercontent.com/Goldengunrepo/install/master/goldengun/zips</datadir>
        </dir>
		<dir>
		    <info compressed="false">https://raw.githubusercontent.com/jsergio123/zips/master/addons.xml</info>
            <checksum>https://raw.githubusercontent.com/jsergio123/zips/master/addons.xml.md5</checksum>
            <datadir zip="true">https://raw.githubusercontent.com/jsergio123/zips/master/</datadir>
		</dir>
		<dir>
			<info compressed="false">https://raw.githubusercontent.com/stitches5150/PaddedWalls/master/zips/addons.xml</info>
			<checksum>https://raw.githubusercontent.com/stitches5150/PaddedWalls/master/zips/addons.xml.md5</checksum>
			<datadir zip="true">https://raw.githubusercontent.com/stitches5150/PaddedWalls/master/zips/</datadir>
		</dir>
		<dir>
			<info compressed="false">https://raw.githubusercontent.com/tvaddonsco/tva-resolvers-repo/master/addons.xml</info>
			<checksum>https://raw.githubusercontent.com/tvaddonsco/tva-resolvers-repo/master/addons.xml.md5</checksum>
			<datadir zip="true">https://raw.githubusercontent.com/tvaddonsco/tva-resolvers-repo/master/zips/</datadir>
		</dir>
		<dir>
            <info compressed="false">https://raw.githubusercontent.com/teamuniversal/scrapers/master/_modules4all/zips/addons.xml</info>
            <checksum>https://raw.githubusercontent.com/teamuniversal/scrapers/master/_modules4all/zips/addons.xml.md5</checksum>
            <datadir zip="true">https://raw.githubusercontent.com/teamuniversal/scrapers/master/_modules4all/zips/</datadir>
        </dir>
		<dir>
		    <info>https://raw.githubusercontent.com/rmrector/repository.rector.stuff/master/addons.xml</info>
		    <checksum>https://raw.githubusercontent.com/rmrector/repository.rector.stuff/master/addons.xml.md5</checksum>
		    <datadir zip="true">https://raw.githubusercontent.com/rmrector/repository.rector.stuff/master/</datadir>
		</dir>
		<dir>
            <info compressed="false">https://github.com/primaeval/repository.primaeval/raw/master/jarvis/addons.xml</info>
            <checksum>https://github.com/primaeval/repository.primaeval/raw/master/jarvis/addons.xml.md5</checksum>
            <datadir zip="true">https://raw.github.com/primaeval/repository.primaeval/master/jarvis/</datadir>
        </dir>
        <dir>
            <info compressed="false">https://github.com/primaeval/repository.primaeval/raw/master/krypton/addons.xml</info>
            <checksum>https://github.com/primaeval/repository.primaeval/raw/master/krypton/addons.xml.md5</checksum>
            <datadir zip="true">https://raw.github.com/primaeval/repository.primaeval/master/krypton/</datadir>
        </dir>
		<dir>
			<info>https://raw.githubusercontent.com/louisbraun/repoaddons/master/addons.xml</info>
			<checksum>https://raw.githubusercontent.com/louisbraun/repoaddons/master/addons.xml.md5</checksum>
			<datadir>https://github.com/louisbraun/repoaddons/raw/master/addons</datadir>
		</dir>
	</extension>
	<extension point="xbmc.addon.metadata">
		<summary>goldengun</summary>
		<description>goldengun</description>
		<platform>all</platform>
	</extension>
</addon>
