<?xml version="1.0" encoding="UTF-8" standalone="yes"?>
<addon id="script.resistance.metadata" version="2.0.1.0" name="resistance" provider-name="resistance">
    <requires>
        <import addon="xbmc.python" version="2.19.0"/>
    </requires>
    <extension point="xbmc.python.module" library="lib" />
    <extension point="xbmc.addon.metadata">
    <summary lang="en"></summary>
    <description lang="en"></description>
    <disclaimer lang="en"></disclaimer>
    <platform>all</platform>
    <license>GNU GENERAL PUBLIC LICENSE. Version 3, 29 June 2007</license>
    <assets>
        <icon>icon.png</icon>
        <fanart></fanart>
    </assets>
    <news></news>
    </extension>
</addon>
