<?xml version="1.0" encoding="UTF-8" standalone="yes"?>
<addon id="repository.goldengun" name="[COLOR yellow]goldengun[/COLOR]" version="9.0.0" provider-name="goldengun">
	<extension point="xbmc.addon.repository" name="goldengun">
	    <dir>
		    <info compressed="false">https://raw.githubusercontent.com/Goldengunrepo/install/master/goldengun/zips/addons.xml</info>
		    <checksum>https://raw.githubusercontent.com/Goldengunrepo/install/master/goldengun/zips/addons.xml.md5</checksum>
		    <datadir zip="true">https://raw.githubusercontent.com/Goldengunrepo/install/master/goldengun/zips</datadir>
        </dir>
		<dir>
		    <info compressed="false">https://raw.githubusercontent.com/jsergio123/zips/master/addons.xml</info>
            <checksum>https://raw.githubusercontent.com/jsergio123/zips/master/addons.xml.md5</checksum>
            <datadir zip="true">https://raw.githubusercontent.com/jsergio123/zips/master/</datadir>
		</dir>
	</extension>
	<extension point="xbmc.addon.metadata">
		<summary>goldengun</summary>
		<description>goldengun</description>
		<platform>all</platform>
	</extension>
</addon>
