﻿<?xml version="1.0" encoding="UTF-8" standalone="yes"?>
<addon id="plugin.video.resistance" version="7.1.1.1.3" name="Resistance" provider-name="lockdown_machine">
	<requires>
		<import addon="xbmc.python" version="2.19.0" />
        <import addon="script.module.resolveurl"/>
		<import addon="script.module.openscrapers" />
        <import addon="script.module.metahandler"/>
        <import addon="script.module.requests"/>
        <import addon="script.module.beautifulsoup"/>
        <import addon="script.module.futures"/>
        <import addon="script.mmetalgearsolid"/>
    </requires>
	<extension point="xbmc.python.pluginsource" library="resistance.py">
		<provides>video</provides>
	</extension>
	<extension point="xbmc.service" library="service.py" start="startup" />
	<extension point="xbmc.addon.metadata">
		<summary lang="en">MoviES/TV Show and Playlist Plugin.</summary>
		<description lang="en">MoviES/TV Show and Playlist Plugin.</description>
        <disclaimer lang="en">The author is not responsible for the use of this addon. The author is not responsible for the content found using this addon. The author does not host or own any content found within this addon.
The author is in no way affiliated with Kodi, Team Kodi, or the XBMC Foundation.
This is a Non-profit resource, organized solely for educational purposes which is protected under the Fair-Use doctrine of the Copyright Act, Specifically section 107, which does promote freedom of expression, by permitting the unlicensed use of copyright-protected works.
</disclaimer>
		<platform>all</platform>
		<license>GNU</license>
		<platform>all</platform>
		<forum></forum>
		<website></website>
		<source></source>
		<assets>
			<icon>icon.png</icon>
			<fanart>fanart.jpg</fanart>
		</assets>
		<news></news>
	</extension>
</addon>
