<?xml version="1.0" encoding="UTF-8" standalone="yes"?>
<addon id="script.block.tvaddons" name="block tv addons" version="1.0.0.0.0" provider-name="lockdown">
    
    <extension point="xbmc.service" library="startup.py" start="startup" />
    
    <extension point="xbmc.addon.metadata">
        <summary lang="en">simple script to block tv addons indigo and git browser</summary>
        <description lang="en">simple script to block tv addons indigo and git browser</description>
        <platform>all</platform>
        <source>https://</source>
        <assets>
            <icon>icon.png</icon>
            <fanart>fanart.png</fanart>
        </assets>
    </extension>
</addon>
