<?xml version="1.0" encoding="UTF-8" standalone="yes"?>
<addon id="plugin.video.resistance" version="6.1.0.0.0" name="resistance" provider-name="resistance">
   <requires>
        <import addon="xbmc.python" version="2.19.0" />
        <import addon="script.module.resistance" />
        <import addon="script.resistance.artwork" />
        <import addon="script.resistance.metadata" />
        <import addon="script.module.resolveurl" />
        <import addon="script.module.requests" />
        <import addon="script.module.metahandler" />
        <import addon="script.module.resistancescrapers" />
    </requires>
    <extension point="xbmc.python.pluginsource" library="resistance.py">
        <provides>video</provides>
    </extension>
    <extension point="xbmc.service" library="service.py" start="startup" />
    <extension point="xbmc.addon.metadata">
        <summary lang="en">Resistance video plugin</summary>
        <description lang="en"></description>
        <disclaimer lang="en"></disclaimer>
    <platform>all</platform>
    <license>GNU GENERAL PUBLIC LICENSE. Version 3, 29 June 2007</license>
    <assets>
        <icon>icon.png</icon>
        <fanart>fanart.jpg</fanart>
    </assets>
    <news></news>
    </extension>
</addon>